{
    "Q_real": 0.4783,
    "Q_rand_avg": 0.23871807604763612,
    "Q_rand_std": 0.00015132729185012565,
    "Q_rand_individual": [
        0.23885048189572872,
        0.2385925176304536,
        0.23888069779567297,
        0.23877546427005067,
        0.2384912186462746
    ]
}